ImageId,Lat,Long,Confidence,Quality,Feature
288186542982212,77.588647349037,12.967881953495,0.877586066723,0.795,Temple
513306086701156,77.596436388889,12.975036388889,0.944833636284,0.66046087466753,Skyscraper
217266636870293,77.591865398062,12.978808181372,0.875007331371,0.80962772785623,Temple
217266636870293,77.591865398062,12.978808181372,0.786957025528,0.80962772785623,Landmark
817399668866294,77.576508410347,12.97149111518,0.876841127872,1,Temple
299770441751658,77.580485288126,12.971453312796,0.878262877464,0.79519084278572,Temple
982736762490827,77.591206580473,12.95384406579,0.780750513077,0.94444444444444,Landmark
577990379762513,77.576760873271,12.971915658575,0.879163146019,0.86363636363636,Temple
975313159888782,77.575955288557,12.970334538271,0.874661684036,0.96878612716763,Temple
337034887756392,77.61837853126,12.972737965186,0.87156778574,0.7969696969697,Temple
474236877146720,77.579453224389,12.969248620805,0.884052932262,0.8448275862069,Temple
176869950981927,77.579220878033,12.969044898649,0.876733601093,0.8780487804878,Temple
510649173408381,77.580161495207,12.97085224652,0.872588455677,1,Temple
488271062502090,77.617673007031,12.976653824219,0.788564801216,0.76317771084337,Bridge
748305132485123,77.580551421342,12.971531599772,0.882876038551,0.58690114312056,Temple
748305132485123,77.580551421342,12.971531599772,0.807687699795,0.58690114312056,Market
460669141676736,77.593777739533,12.962407775434,0.780070841312,0.8780487804878,Gas
303875564513858,77.5804786,12.97312604,0.874094307423,0.34715565324258,Temple
315629223267721,77.605665340323,12.994204844355,0.82565331459,0.84615384615385,Bridge
523322398666846,77.580231651736,12.970966910955,0.878338873386,1,Temple
187169383408957,77.6058601,12.9715069,0.780790090561,0.61407715260017,Gas
836042133663964,77.596426388889,12.975025,0.962890982628,1,Skyscraper
522239479016365,77.59172,12.985764722222,0.909191966057,0.79127935209988,Militarycamouflage
975922686509788,77.596604037205,12.981226575745,0.94321000576,0.47012312350463,Skyscraper
761573938062370,77.576016308812,12.969555188914,0.867315590382,1,Temple
144198874349749,77.580231651736,12.970966910955,0.877942323685,0.72761051654816,Temple
144198874349749,77.580231651736,12.970966910955,0.77856618166,0.72761051654816,Landmark
302195227938971,77.599520590229,12.970625180763,0.775582253933,1,Gas
298695168410657,77.580404821856,12.971369619493,0.86996781826,0.91323057161207,Temple
608623287198775,77.598563088109,12.976868279322,0.770512461662,0.625,Market
468972744373520,77.605602665726,12.994256224798,0.786685168743,0.95076678002664,Bridge
858884464695013,77.598683055556,12.976763055556,0.873981714249,0.79275362318841,Temple
858884464695013,77.598683055556,12.976763055556,0.723109900951,0.79275362318841,Market
947654739396638,77.5892236,12.9680057,0.780784845352,1,Gas
416273416280447,77.573508055556,12.959688055556,0.880347490311,0.90878612716763,Temple
132054665524376,77.601013,12.976372,0.780977010727,0.35153353503004,Gas
474739377116267,77.576073808668,12.969535198075,0.879766285419,0.78927203065134,Temple
473710307385249,77.59127141262,12.977044651587,0.868416011333,0.65799755799756,Temple
139603158182491,77.616465,12.973208055556,0.752155542374,0.4381310782241,Parking
324118779079008,77.579453224389,12.969248620805,0.876807510853,0.78125,Temple
324118779079008,77.579453224389,12.969248620805,0.816757559776,0.78125,Market
121740196594155,77.596182523852,12.974957608626,0.780502021313,0.37839650483971,Gas
598454511112078,77.581009659988,12.972503439535,0.685932636261,0.8448275862069,Market
319324502940465,77.580791311411,12.971894368541,0.826156795025,1,Market
157589619623060,77.577320784403,12.972905980435,0.876236557961,0.82608695652174,Temple
235752441660673,77.615522222222,12.973441666667,0.876323521137,0.49125683060109,Temple
209552357341638,77.622833982813,12.98190236177,0.796513676643,0.92941176470588,Lake
896705647541932,77.578840758724,12.968301046652,0.871236503124,0.8780487804878,Temple
471844174038451,77.57692021325,12.972217742366,0.872008025646,0.703125,Temple
140182588037521,77.57958465263,12.96940226109,0.875125944614,1,Temple
220052079921030,77.605283,12.978375,0.869851589203,0.81138211382114,Temple
279929790185858,77.601135,12.976204,0.873306632042,0.33337020217171,Temple
477427800035234,77.596681388889,12.981168055556,0.929450213909,0.53413087324227,Skyscraper
518165062878752,77.580014476625,12.970588635665,0.871314585209,1,Temple
553580065802823,77.578770015461,12.968414998625,0.873672366142,0.80159770254419,Temple
754009201939038,77.599217586234,12.980260558002,0.84156870842,0.68719225298173,Skyscraper
579594183001629,77.576446803359,12.971437806276,0.868930518627,1,Temple
519963419187971,77.620015936045,12.974613960844,0.77670943737,0,Gas
364039541701890,77.592103025017,12.956523508777,0.874651670456,0.91357894736842,Temple
943035429815566,77.577408291472,12.973201526341,0.878952383995,1,Temple
946873379395561,77.576501034272,12.969253943314,0.867482364178,1,Temple
946873379395561,77.576501034272,12.969253943314,0.799411177635,1,Market
284555383399439,77.595726665832,12.975275153651,0.878323376179,0.35095469620493,Temple
886046071972594,77.61244,12.97125,0.872967600822,0.74375,Temple
206314831298389,77.614271487599,12.975540557562,0.780992507935,0,Gas
208206414157417,77.576763385747,12.981748712161,0.796231329441,0.45378612716763,Parking
664272477765807,77.591214722222,12.986071388889,0.71525156498,1,Militaryvehicle
833538837540030,77.606999825964,12.972257930438,0.777087569237,0.96878612716763,Gas
929227894591540,77.580556450484,12.971540358861,0.874844610691,0.11918072231751,Temple
929227894591540,77.580556450484,12.971540358861,0.805816888809,0.11918072231751,Market
929227894591540,77.580556450484,12.971540358861,0.744253158569,0.11918072231751,Marketplace
929227894591540,77.580556450484,12.971540358861,0.744253158569,0.11918072231751,Marketplace
162043012403113,77.577168988136,12.97257401516,0.868697404861,1,Temple
290293069407027,77.579151978789,12.96888635495,0.883311808109,0.95,Temple
286956819724262,77.610148,12.980816,0.775160610676,0,Landmark
309580840531663,77.567086600218,12.969576587918,0.881915867329,0.64029884282665,Temple
492051841996447,77.580414377225,12.971377791849,0.883753061295,1,Temple
847761425813888,77.591820387242,12.956202859071,0.787333786488,0.8448275862069,Market
847761425813888,77.591820387242,12.956202859071,0.669341146946,0.8448275862069,Marketplace
847761425813888,77.591820387242,12.956202859071,0.669341146946,0.8448275862069,Marketplace
941679313348441,77.576205907462,12.9708063556,0.873797237873,0.8780487804878,Temple
475723486999664,77.596978285772,12.981074486172,0.911168217659,0.67969858156028,Skyscraper
630164741715939,77.598631352221,12.995211789536,0.87197715044,0.61627935209988,Temple
682576229155336,77.578934049306,12.968558748265,0.879191100597,0.925,Temple
151882800269691,77.598463618619,12.976851184767,0.870859086514,0.9,Temple
470187730942291,77.60726882152,12.975412923855,0.776870012283,0.76790450928382,Gas
470187730942291,77.60726882152,12.975412923855,0.78128361702,0.76790450928382,Parking
181995960453178,77.581002200095,12.972511276615,0.87377423048,0.95,Temple
199906681971157,77.606957357676,12.971853508714,0.868869662285,0.96666666666667,Temple
215909573367283,77.577390605656,12.968613272545,0.87760168314,0.94378612716763,Temple
474898417085468,77.605357,12.975653,0.867684662342,0.84103840682788,Temple
131174125704741,77.576406989319,12.971133040276,0.883351266384,0.8780487804878,Temple
295489768740093,77.575960736794,12.970376280148,0.870093822479,0.8448275862069,Temple
295489768740093,77.575960736794,12.970376280148,0.793415129185,0.8448275862069,Market
265816641893031,77.591865398062,12.978808181372,0.868926942348,0.65877500369711,Temple
520858198935243,77.578027295021,12.968255658646,0.872676134109,1,Temple
930367831096855,77.597823103066,12.975655124141,0.847784101963,0.96878612716763,Skyscraper
138972704884402,77.580354614256,12.971291458246,0.870783984661,0.78927203065134,Temple
133840235429884,77.568747917854,12.960687347787,0.775964915752,0.67069680589026,Gas
315729556734304,77.586479722222,12.955353055556,0.868058621883,0.70898587933248,Temple
146592947419208,77.577322963697,12.972755902459,0.872481167316,0.81943076081007,Temple
513207883041165,77.575642475931,12.969980486681,0.874625682831,0.96878612716763,Temple
513207883041165,77.575642475931,12.969980486681,0.805254638195,0.96878612716763,Market
179802304025137,77.566808853999,12.971780408005,0.666755914688,0.81361371337453,History
179802304025137,77.566808853999,12.971780408005,0.629759371281,0.81361371337453,Historicsite
161470552559700,77.576204231081,12.970779617329,0.883994221687,1,Temple
152003653556830,77.578174900336,12.974169761886,0.86940830946,0.57592898431049,Temple
565998691030143,77.577402507959,12.973081707035,0.869432151318,0.86363636363636,Temple
216062460029772,77.591633055556,12.984706388889,0.939805328846,1,Windmill
334698891475333,77.615683380912,12.973633510998,0.780964255333,0.53540099818855,Gas
803999273567234,77.579560680387,12.969335415413,0.869330763817,1,Temple
141412908015534,77.571839058175,12.9579337673,0.873612523079,0.82608695652174,Temple
573272083641137,77.580491574553,12.973161083658,0.879686117172,1,Temple
473783213856001,77.5925165043,12.979735932325,0.869893491268,0.80211946050096,Temple
246892003896997,77.579575516356,12.969385371556,0.880789339542,1,Temple
504969430918033,77.605952417741,12.971709295983,0.73806065321,0.53085661380489,Gas
148685543897153,77.591488055556,12.986081388889,0.721311211586,0.94444444444444,Bridge
514829872856698,77.578680245278,12.973978151579,0.874932944775,0.96878612716763,Temple
134343022018143,77.590755,12.986161388889,0.749121367931,1,Monument
134343022018143,77.590755,12.986161388889,0.833378732204,1,Statue
803738453873057,77.576969331203,12.969066356321,0.872958660126,0.91111111111111,Temple
803738453873057,77.576969331203,12.969066356321,0.736407697201,0.91111111111111,Market
812003152749138,77.576420819459,12.969266599988,0.868716657162,0.97910447761194,Temple
341470947400008,77.580659044979,12.971676941973,0.877488970757,1,Temple
314778070018863,77.59153749801,12.978782784206,0.725151956081,0,Temple
461828964889607,77.61223236,12.98193875,0.868285119534,0.6568788564109,Temple
803277460572872,77.58868262179,12.985117994261,0.777915716171,0.950713838011,Gas
145715484176733,77.576835136933,12.969108140108,0.870458602905,0.96666666666667,Temple
958709831564085,77.59495,12.967557,0.883226156235,1,Temple
218416392971961,77.588357883698,12.963746602846,0.87352347374,1,Temple
513058796555440,77.559895371668,12.962143552367,0.856838881969,0.67816091954023,Fueltank
470895177312140,77.607706,12.975093,0.869868159294,0.78125,Temple
302812021446512,77.6079190925,12.975077915,0.870898246765,0.94859437751004,Temple
467520944541599,77.576420819459,12.969266599988,0.867821455002,0.8780487804878,Temple
519272049086117,77.578398194236,12.968289898721,0.875343501568,0.50160742122238,Temple
132118738850306,77.601045,12.97639,0.781002044678,0.64274308429594,Gas
640179044046540,77.579414248539,12.96923353338,0.874534547329,1,Temple
295564498870173,77.591086388889,12.985006388889,0.797239661217,0.79471544715447,Statue
219271813302784,77.576598264349,12.971703596425,0.870017945766,1,Temple
369647057691250,77.607684,12.974351,0.876177191734,0.96878612716763,Temple
344019537159730,77.612568167045,12.973852603284,0.780385375023,1,Gas
344019537159730,77.612568167045,12.973852603284,0.695590138435,1,Parking
496921338318982,77.580318907348,12.973367990938,0.875405728817,0.875,Temple
182451570402240,77.572011145133,12.976607788496,0.768412172794,0,Market
320282833011661,77.596430533988,12.981303632024,0.891032218933,0.8109905178529,Skyscraper
316720870051097,77.575740208922,12.969780452562,0.879743218422,0.21826347908401,Temple
498395141201131,77.605859719319,12.971420281381,0.78084230423,0.96878612716763,Gas
603825353860193,77.589036333455,12.984565131123,0.789881289005,0.84683490765543,Parking
152508373552614,77.580330642013,12.973357765016,0.869594693184,1,Temple
146004930839755,77.596833267203,12.981154649839,0.903782963753,0.63961946050096,Skyscraper
743605709646601,77.595570775572,12.971647959287,0.888062357903,0.95078612716763,Skyscraper
501617590981862,77.59082,12.986011388889,0.698286950588,0.91878612716763,Bridge
492367702078346,77.579114176405,12.968812887569,0.871157646179,1,Temple
362646911842560,77.577402759416,12.973260032025,0.874426245689,1,Temple
476105266801627,77.578813685177,12.968412400235,0.878323554993,0.69684561013246,Temple
586615069394861,77.569343514911,12.958004228628,0.867896854877,0.76608695652174,Temple
219006159655087,77.577458750529,12.968617798773,0.873768925667,0.79333108412056,Temple
305549504530140,77.571451069475,12.958096,0.868274271488,0.62740384615385,Temple
219066376349678,77.597099259873,12.980954707075,0.847106814384,0.91878612716763,Skyscraper
816196632649311,77.578967157824,12.968487669726,0.874589979649,1,Temple
517613329270302,77.578200213683,12.968204487127,0.868894100189,0.96878612716763,Temple
325216382366907,77.575847748739,12.970169624326,0.878779709339,0.79471544715447,Temple
325216382366907,77.575847748739,12.970169624326,0.818346321583,0.79471544715447,Market
178295390833809,77.577550700007,12.973251901579,0.872717320919,1,Temple
756432288264014,77.578914351834,12.968470319186,0.867252111435,0.86363636363636,Temple
929851327828094,77.571323904008,12.97650630521,0.879342734814,0.88253638253638,Temple
275802837578577,77.590533799511,12.977506440425,0.613377332687,0.96878612716763,Historicsite
211868674074751,77.580477492956,12.973172860232,0.875165700912,1,Temple
297322032066452,77.578695332704,12.973973415804,0.870862305164,1,Temple
266865438504207,77.578129302783,12.974119260919,0.87454867363,0.73931752813381,Temple
415883846427956,77.580193514077,12.970943567355,0.87621062994,0.96878612716763,Temple
131664088994617,77.590377957745,12.974862664233,0.770345926285,0.96878612716763,Landmark
298018125187811,77.576427105887,12.971412199561,0.877754747868,1,Temple
173536384664584,77.580244978962,12.970967455779,0.867073774338,0.4,Temple
943002273123508,77.6082069,12.97524078,0.780813932419,0.7455414242179,Gas
415114356493969,77.57781875327,12.96843972524,0.876539826393,0.86363636363636,Temple
415114356493969,77.57781875327,12.96843972524,0.795569002628,0.86363636363636,Market
478660276793552,77.579528493879,12.969298535039,0.813038289547,1,Market
603874111009375,77.596279564131,12.974814269605,0.868535637856,0.93157894736842,Temple
454239392347890,77.591974530441,12.956188945112,0.867242991924,0.88333333333333,Temple
214731883378029,77.604044,12.975958,0.867290198803,0.88783374621525,Temple
214731883378029,77.604044,12.975958,0.82651758194,0.88783374621525,Market
382426766336557,77.596663099508,12.981208542421,0.957993268967,0.55664286181055,Skyscraper
939264873583988,77.596879458702,12.981135229915,0.937795042992,0.71575981137816,Skyscraper
486755235937023,77.579780872984,12.973620202404,0.875964939594,0.8448275862069,Temple
486755235937023,77.579780872984,12.973620202404,0.767526209354,0.8448275862069,Market
919486995507383,77.620524,12.972884,0.872745394707,0.89562327654599,Temple
946766459424818,77.617524730092,12.975543506738,0.741187751293,0.78125,Bridge
316055786578165,77.576584601847,12.969222385448,0.87622398138,0.96878612716763,Temple
316055786578165,77.576584601847,12.969222385448,0.831553936005,0.96878612716763,Market
270582204761748,77.590486388889,12.986288055556,0.775684893131,0.90566037735849,Gas
334015291442097,77.614556430489,12.975414930489,0.879593372345,0.54173097742035,Temple
491983755335577,77.579757319836,12.969834599656,0.882755458355,0.96878612716763,Temple
305616057825645,77.596436635096,12.974962484575,0.881469130516,1,Temple
856022178588742,77.622765111183,12.982250546439,0.774364411831,0.52459016393443,Gas
335177638175769,77.567636352032,12.968860346307,0.8773265481,0.79732704402516,Temple
459225548715210,77.594118269082,12.964831993632,0.877544343472,0.33214756258235,Temple
486160555964075,77.580225868223,12.970963516285,0.875384271145,1,Temple
568272687909352,77.592072682527,12.956628911209,0.779615700245,0.96878612716763,Gas
785839242304674,77.615233333333,12.973575,0.874386191368,0.82675529705027,Temple
306644564284541,77.579404106436,12.973721455795,0.868150830269,0.94444444444444,Temple
906132693518672,77.58006238621,12.980409958295,0.780600786209,1,Gas
555504365418058,77.593288561402,12.962110633974,0.757805526257,1,Parking
161076915947280,77.608898731705,12.972967250416,0.784509658813,0.967,Landmark
322625539464790,77.578876046536,12.968418602844,0.87772166729,0.72072213052958,Temple
507859580571207,77.601056,12.976399,0.819549560547,0.46116361283621,Statue
808788909741829,77.57903496742,12.968710712169,0.879141867161,0.8448275862069,Temple
218536976743109,77.580186976192,12.970934933995,0.875086128712,1,Temple
291382019232345,77.578663034572,12.980583288674,0.770519256592,1,Gas
968202913985460,77.599830611111,12.991278638889,0.870127499104,0.69515828245545,Temple
290799559360439,77.576911915166,12.972310320486,0.779529988766,0.94444444444444,Market
219147619656071,77.580429883746,12.971390951437,0.879437565804,0.81027801226372,Temple
462097115067014,77.578876130355,12.968241786596,0.87165760994,1,Temple
529348701562448,77.5925165043,12.979735932325,0.873401284218,0.54089945892604,Temple
326122052274369,77.575960904432,12.970368275431,0.879757761955,0.95,Temple
326122052274369,77.575960904432,12.970368275431,0.794556856155,0.95,Market
292248012386122,77.596835711392,12.981169251899,0.905420362949,0.56620192307692,Skyscraper
486856342590894,77.579255411474,12.96913915315,0.877223610878,1,Temple
828428211383152,77.576664146108,12.969239358802,0.881109416485,1,Temple
299397391861358,77.580604981703,12.971572377731,0.882741928101,0.8780487804878,Temple
997791044090900,77.612148262633,12.974045248714,0.901274502277,0.72162840746055,Skyscraper
375979370374772,77.578876046536,12.968418602844,0.876398921013,0.85514976353127,Temple
995160701233214,77.594200588364,12.96517658854,0.868555605412,0.75003612716763,Temple
742495333083996,77.577955811884,12.974580207919,0.870077848434,0.51594551282051,Temple
218699316760895,77.615671908319,12.973634920667,0.778306722641,1,Gas
299719141616238,77.57668820217,12.969203023252,0.877840399742,1,Temple
486111339294979,77.576985675914,12.972383326863,0.871463954449,0.78125,Temple
372741190656388,77.60511169,12.97567318,0.780454695225,0.8780487804878,Gas
471982657406195,77.576832873819,12.969111744326,0.88154399395,0.81361371337453,Temple
471982657406195,77.576832873819,12.969111744326,0.772252261639,0.81361371337453,Market
826320917968278,77.6039041,12.9763458,0.768815040588,0.47181238615665,Bridge
308504150866682,77.578764567224,12.968455441308,0.868168592453,0.69098143236074,Temple
368045657979288,77.575755128709,12.969744578016,0.885633826256,0.08324192841618,Temple
368045657979288,77.575755128709,12.969744578016,0.742951571941,0.08324192841618,Market
882069605688251,77.576204231081,12.970779617329,0.874981641769,0.86363636363636,Temple
814420652806405,77.607046,12.972262,0.769412755966,0.81128023501665,Gas
773347213376969,77.575828135086,12.969694412325,0.876940369606,1,Temple
326625105471872,77.580841519011,12.971938163985,0.881092786789,0.8448275862069,Temple
326625105471872,77.580841519011,12.971938163985,0.815684497356,0.8448275862069,Market
269968654689602,77.595677773037,12.981508902485,0.780136466026,0.086616161616162,Gas
132274368836395,77.575640715731,12.969889249665,0.795077323914,1,Market
308452607304886,77.567179244342,12.969395378276,0.877317726612,0.90566037735849,Temple
131537755597070,77.579249963237,12.969134249736,0.876534700394,1,Temple
362167748563629,77.601587,12.97586,0.880446791649,1,Temple
137694238274072,77.575972555278,12.970422506344,0.882985174656,0.8780487804878,Temple
488724305900298,77.590816388889,12.985355,0.795102477074,0.81138211382114,Bridge
575094240096200,77.61643342681,12.973257643183,0.882018983364,0.74275362318841,Skyscraper
287124569628946,77.578841177819,12.968290401635,0.769569516182,0.127064204216,Market
287124569628946,77.578841177819,12.968290401635,0.712381362915,0.127064204216,Marketplace
287124569628946,77.578841177819,12.968290401635,0.712381362915,0.127064204216,Marketplace
219347723290841,77.58029795259,12.971234167938,0.873454391956,1,Temple
816155332348926,77.578082112668,12.974063185987,0.872008323669,0.77053140096618,Temple
471985220557947,77.577970884813,12.968260687788,0.884084999561,0.8780487804878,Temple
159019172895356,77.579048546103,12.968741934759,0.872695446014,0.96878612716763,Temple
459912165070904,77.588152856807,12.963535551189,0.87351000309,0.950713838011,Temple
352656372895649,77.616311051024,12.973308018421,0.780115842819,0.96878612716763,Gas
852148715384996,77.578191077409,12.974216532906,0.875776648521,0.91266597062156,Temple
917823415667426,77.594963,12.967552,0.877506554127,1,Temple
486723345868670,77.596273166031,12.971190775156,0.86513698101,0.92941176470588,Skyscraper
836596446985445,77.591565,12.985378055556,0.929897785187,0.96878612716763,Windmill
563163114651884,77.577219866288,12.972658965749,0.877391338348,1,Temple
209960963990332,77.5775555,12.9638358,0.873528122902,0,Temple
815626242378369,77.62051,12.9729,0.878736197948,0.97910447761194,Temple
482077352872158,77.581425277778,12.963529037175,0.780004680157,0.63330480055911,Gas
816157922648025,77.5780897402,12.974071777438,0.881863355637,0.78125,Temple
220292042873846,77.612316191348,12.969504236075,0.780577838421,1,Gas
318860299654416,77.580491574553,12.973161083658,0.876057565212,1,Temple
541859330139624,77.580937575621,12.972143604432,0.880166769028,0.78927203065134,Temple
228616882368914,77.609107819606,12.973061231543,0.805097699165,0.75744271988174,Parking
758124478182550,77.620168905778,12.972688050953,0.90432202816,0.86363636363636,Skyscraper
842919049906307,77.576075233591,12.969522960496,0.880949020386,1,Temple
818239052424355,77.6028281,12.9765511,0.871009111404,1,Temple
498643524670285,77.576040532512,12.969527025719,0.881122767925,0.91323057161207,Temple
564412131628794,77.598059,12.975961,0.847529411316,0.82608695652174,Gaspump
564412131628794,77.598059,12.975961,0.841362059116,0.82608695652174,Gasoline
564412131628794,77.598059,12.975961,0.841362059116,0.82608695652174,Gasoline
483429056042932,77.575886892227,12.970234961261,0.880622982979,1,Temple
191436056129583,77.576427105887,12.971412199561,0.885695755482,0.57626605378027,Temple
191436056129583,77.576427105887,12.971412199561,0.693027794361,0.57626605378027,Market
438339544182146,77.579452805293,12.969246148144,0.879897356033,0.94444444444444,Temple
315297536885486,77.578570078992,12.974291229291,0.775178968906,0.29838465797768,Gas
298847378382314,77.599305678231,12.970710634266,0.776504695415,0.78603218845531,Parking
170684174841218,77.616245085446,12.973334672873,0.780473649502,1,Gas
176042874298944,77.596431768905,12.974980277307,0.878015875816,1,Temple
934232464077499,77.580303400827,12.971156258148,0.867719113827,0.78125,Temple
302758288042433,77.576956842167,12.969066733506,0.878018438816,1,Temple
456723588757074,77.613155494268,12.968806874522,0.780471980572,0.78671328671329,Gas
318469666473120,77.579758409483,12.969805179176,0.883426129818,1,Temple
180620553934641,77.5925165043,12.979735932325,0.873231053352,0.6854527938343,Temple
180620553934641,77.5925165043,12.979735932325,0.798535823822,0.6854527938343,Landmark
325521239111920,77.597104815884,12.980990704795,0.912089347839,0.8766339869281,Skyscraper
476772833652083,77.579003535283,12.96867345461,0.872729480267,0.95,Temple
790027818597029,77.583545908063,12.984030256016,0.78056538105,0.43809682214622,Gas
152912020049600,77.586655458508,12.981553506118,0.779519438744,0.96666666666667,Gas
213024260588343,77.576992632894,12.969035008003,0.867716014385,1,Temple
135850635197902,77.597823103066,12.975655124141,0.936855792999,1,Skyscraper
496000738258584,77.579645672885,12.973606539902,0.646137833595,0.22608695652174,Market
496000738258584,77.579645672885,12.973606539902,0.641459345818,0.22608695652174,Marketplace
496000738258584,77.579645672885,12.973606539902,0.641459345818,0.22608695652174,Marketplace
456561225638895,77.577322963697,12.972755902459,0.877110362053,0.82343215047136,Temple
532647774567738,77.579766875205,12.969845118944,0.879193663597,0.94859437751004,Temple
176493861034523,77.578372210337,12.968180472975,0.873425662518,0.86111111111111,Temple
304292467751392,77.59153749801,12.978782784206,0.76910340786,0,Landmark
508309983637992,77.600926549254,12.976489925373,0.795637190342,0.81128612716763,Bridge
208936704086083,77.610819755944,12.980619315699,0.776052057743,0.49125683060109,Gas
291996929136609,77.596946949004,12.981092874502,0.906366288662,0.65711946050096,Skyscraper
286433869883892,77.618264621111,12.984705017778,0.865696787834,0.78192771084337,Fueltank
159328552800746,77.612552764789,12.96928437299,0.775493621826,0.96878612716763,Landmark
188605366445323,77.579822028128,12.97361538281,0.873609662056,0.86363636363636,Temple
309754313921723,77.580943526772,12.972165271652,0.880059361458,0.78125,Temple
486540879438537,77.577305696977,12.968707443227,0.869306921959,0.97910447761194,Temple
535903321129778,77.598476829244,12.976828477046,0.873109936714,0.7848275862069,Temple
373070160623775,77.604832,12.974976,0.880342304707,0.95378612716763,Temple
743441629653357,77.622530024577,12.983918238469,0.877736151218,0.1666768086487,Temple
938360960231803,77.580733811555,12.973108068121,0.777247488499,0.78125,Landmark
156560593065930,77.567471867237,12.968925933229,0.879056096077,0.88333333333333,Temple
486541842590307,77.610065858573,12.974247011389,0.749783217907,0,Parking
159077922864930,77.60588790876,12.971387570736,0.778830468655,0,Gas
196497768983387,77.579233953802,12.969091921125,0.875008106232,0.91666666666667,Temple
525250001967652,77.57668820217,12.969203023252,0.880737364292,0.94444444444444,Temple
275869300940976,77.591865398062,12.978808181372,0.784290730953,0.83032458870609,Landmark
489095039183575,77.579038571639,12.968721566734,0.881196320057,1,Temple
298771865040923,77.597841294192,12.980714494272,0.883477628231,1,Skyscraper
463952458228982,77.579591106696,12.969430466195,0.871446549892,1,Temple
303790991354915,77.620252,12.972946,0.870437204838,0.95003612716763,Temple
906669976794329,77.578934971315,12.968471869838,0.771174311638,0.13271819098647,Landmark
482446032829344,77.578213792367,12.974278265622,0.8712464571,0.86600834938985,Temple
220495999842045,77.597671543738,12.980706735964,0.780013263226,0.15423222610723,Gas
747305109288187,77.577383564857,12.973042940733,0.882069468498,0.85802620174301,Temple
941105946664730,77.588755801748,12.975000224841,0.761263608932,0.79204980842912,Market
840563053202571,77.57752873942,12.973292721447,0.869291722775,1,Temple
503945860797063,77.576007507814,12.969565414836,0.875501215458,1,Temple
900501883851396,77.578876130355,12.968241786596,0.874996542931,0.8780487804878,Temple
786724668645605,77.60102,12.976378,0.780014157295,0.90211946050096,Gas
553426519379098,77.600307372042,12.967867519314,0.87075817585,0.96666666666667,Temple
466547107779646,77.620151219962,12.972787083139,0.777600705624,1,Gas
151520610260120,77.580168536005,12.97088770197,0.882834017277,0.8780487804878,Temple
312854423553290,77.580576986147,12.971551045787,0.877296626568,0.91878612716763,Temple
312854423553290,77.580576986147,12.971551045787,0.824885010719,0.91878612716763,Market
865943617360613,77.599489841188,12.995437712376,0.868268728256,0.52459016393443,Temple
518505899595319,77.585017225752,12.983590089199,0.780664861202,0.059440559440559,Gas
221043526094245,77.57792092867,12.973968763848,0.873650610447,0.81802805143124,Temple
327463745470723,77.590512642709,12.977760485385,0.877830028534,0.92824558662709,Temple
185020860106835,77.601071,12.976414,0.780894815922,1,Gas
983751549121102,77.576040532512,12.969527025719,0.870890319347,1,Temple
158270262905162,77.579749692304,12.969819973235,0.883791327477,1,Temple
158270262905162,77.579749692304,12.969819973235,0.796702504158,1,Market
475238470375986,77.608017452381,12.967549288689,0.875732243061,0.42358006292433,Temple
389681325393852,77.59838052724,12.980366723609,0.778532683849,0.49337629110206,Gas
295932155450311,77.596686968002,12.981131400863,0.766332030296,0.92307692307692,Gas
990050141543440,77.610849522821,12.973066190473,0.869368612766,0.85323057161207,Temple
245035970713013,77.597599,12.970578,0.779020190239,0.73608484280371,Parking
770982043613862,77.596272828877,12.974827871871,0.87362498045,0.5854527938343,Temple
209254607449660,77.576040532512,12.969527025719,0.876680791378,0.82608695652174,Temple
505346240660144,77.6060900908,12.9940492004,0.779818713665,0.78450653120464,Gas
462311671500055,77.581013264207,12.972775222746,0.87534224987,1,Temple
465630894514242,77.578980317412,12.968631587003,0.874107420444,0.54791666666667,Temple
200346615087364,77.596187419638,12.974941950303,0.775911211967,0.91323057161207,Gas
472874623826115,77.578379837868,12.968231183489,0.873155653477,0.79487308368937,Temple
334805997984825,77.564652392526,12.981924921289,0.908775091171,0.79807692307692,Skyscraper
539543940402722,77.59940582,12.99071382,0.867056787014,0.80112570356473,Temple
181588947161972,77.575672902239,12.970047541906,0.874264776707,0.8780487804878,Temple
189370076341719,77.603174,12.979085,0.780850052834,0.96878612716763,Gas
917192759077744,77.561330473468,12.963977591835,0.780164778233,0.60714285714286,Bridge
126221082790921,77.576969331203,12.969066356321,0.868502676487,1,Temple
149572737132189,77.62013,12.973507,0.776209771633,1,Landmark
201105671630841,77.577368477432,12.97309339979,0.879227459431,0.8448275862069,Temple
230840005503351,77.59703203,12.99391219,0.866928339005,0.65691112716763,Temple
287052939744619,77.577355904577,12.968626013038,0.872662365437,0.4,Temple
287052939744619,77.577355904577,12.968626013038,0.776925802231,0.4,Market
465538817850729,77.581064309997,12.972367526975,0.867206335068,1,Temple
172793351391710,77.6033857,12.9763977,0.870895564556,0.80428704566636,Temple
305462351020846,77.594015671914,12.983826609524,0.875691175461,0.56736300400014,Temple
340793267437759,77.590354722222,12.986306388889,0.734980881214,0.98192771084337,Monument
340793267437759,77.590354722222,12.986306388889,0.774573981762,0.98192771084337,Statue
952472975490702,77.600142589787,12.967738477233,0.868370831013,0.14964976353127,Temple
509463720224964,77.575664855612,12.970029730362,0.868456721306,0.95,Temple
509463720224964,77.575664855612,12.970029730362,0.783865094185,0.95,Market
508940446795869,77.579641398115,12.969493120921,0.883265256882,0.95,Temple
452801599349356,77.612216,12.969627,0.871174573898,0.71659232827832,Temple
161820819180936,77.605185,12.975615,0.881676673889,0.86363636363636,Temple
132500472244751,77.613015119059,12.97401792371,0.815440654755,0.70981040923356,Parking
206380107705713,77.576667247412,12.971795713541,0.881563544273,0.8448275862069,Temple
469339454397296,77.57892332047,12.968514407997,0.870622992516,1,Temple
575903480052339,77.577355904577,12.968626013038,0.868657827377,0.4,Temple
575903480052339,77.577355904577,12.968626013038,0.695360779762,0.4,Temple
303017771380733,77.596322774629,12.974778620217,0.879075527191,1,Temple
264332275475190,77.577285831866,12.968725170952,0.877405822277,0.8780487804878,Temple
836109897261804,77.593121721825,12.985680821825,0.772326827049,0.72601209548194,Landmark
476042740343171,77.61153355,12.98051364,0.881112456322,0.49337629110206,Temple
939596010109341,77.596901580764,12.984205624101,0.877264082432,0.96878612716763,Temple
386124409129525,77.612373,12.970923,0.879812777042,0.76244420953723,Temple
187154909911484,77.605561,12.975638,0.882050395012,0.84683490765543,Temple
974444576626380,77.584629375402,12.983633971339,0.779779076576,0.081125154472575,Gas
147791903955034,77.607195898963,12.975430567761,0.774438023567,0.1136750447236,Gas
487327222467767,77.590743055556,12.985446388889,0.739660263062,0.75427237117131,Bridge
390169368669978,77.575962916089,12.970346272935,0.872338712215,0.703125,Temple
853551981867150,77.578841177819,12.968290401635,0.763193011284,0.05980916817983,Market
197288058912841,77.58091427393,12.972032628034,0.793206214905,1,Market
123302366449777,77.597026921058,12.981016623154,0.871337711811,0.96878612716763,Skyscraper
613519309606669,77.579756230188,12.969844699849,0.692989706993,0.4,Market
763757794339254,77.579291537476,12.969169663277,0.886641561985,1,Temple
318763086265763,77.607703686881,12.971203444547,0.877725124359,0.42781341887196,Temple
234469761809142,77.590914722222,12.986001388889,0.76262396574,1,Monument
233044791933659,77.602123,12.97803,0.713064074516,0.96666666666667,Stadium
314638066846577,77.577322963697,12.968651577842,0.867591142654,0.97460317460317,Temple
951038849058903,77.579870049659,12.980414844794,0.780485987663,0.96878612716763,Gas
297967685240987,77.581032291127,12.972484203068,0.868757963181,0.88333333333333,Temple
178865610795528,77.591726342288,12.957209819009,0.870234370232,1,Temple
643900746472944,77.596114413284,12.975014742508,0.780679583549,0.87368421052632,Gas
524418818551441,77.617356861082,12.972917924647,0.751980185509,0,Gas
375243543723786,77.581386426536,12.973320130271,0.879891097546,0.9375,Gasoline
375243543723786,77.581386426536,12.973320130271,0.797850251198,0.9375,Gaspump
375243543723786,77.581386426536,12.973320130271,0.879891097546,0.9375,Gasoline
799542240960242,77.576731368972,12.971950569202,0.780689179897,0.96296296296296,Gas
176876610981858,77.599885757271,12.995532915637,0.869938492775,1,Temple
133685315459000,77.580159818826,12.970839128842,0.886215627193,1,Temple
520625045771277,77.578011872319,12.968252641161,0.874271810055,0.95,Temple
164117715545923,77.579708788616,12.969654849742,0.878143191338,1,Temple
856780631576919,77.580565922035,12.973124790017,0.87540179491,1,Temple
306016171052663,77.601206494048,12.972526378869,0.882736027241,0,Temple
114092814068032,77.593545299096,12.962306267594,0.874728679657,0.93157894736842,Temple
749815315699513,77.576706809995,12.972020055179,0.871057927608,0.79700002285822,Temple
582040029438397,77.577916821537,12.973959962849,0.870097398758,0.8780487804878,Temple
494394745038731,77.599560388503,12.974425841427,0.780753850937,0.38217693524224,Gas
804075733546792,77.576732710076,12.971869641927,0.880119919777,0.95,Temple
378495230151592,77.58023911163,12.970965947037,0.868203699589,1,Temple
300745361715029,77.60835293824,12.967357971124,0.872879564762,0.17216365242016,Temple
310676790419469,77.577027753068,12.96900324059,0.769525885582,0.95078612716763,Market
483680876315644,77.60973693,12.99271352,0.875948905945,0.57064636752137,Temple
811571306232354,77.581110326646,12.973283124168,0.779851794243,0.7093201754386,Gas
839351940299801,77.578860707653,12.968305405241,0.869058310986,1,Temple
200270195044469,77.576428279353,12.971403147106,0.871080458164,0.85169515270384,Temple
324915762310455,77.602992,12.975385,0.872892975807,0.91666666666667,Temple
509507113559437,77.579997126085,12.970553389762,0.87987524271,1,Temple
167212628552811,77.579322718156,12.973768729729,0.875039279461,0.82249322493225,Temple
527952671921310,77.611280066066,12.980501225555,0.780297577381,0.10514976353127,Gas
461087188450632,77.622425,12.984479,0.880865514278,0.70896748161208,Temple
159858626057455,77.576798005102,12.972103036021,0.867663443089,0.8,Temple
507119703991283,77.576521234659,12.969226408762,0.881588101387,0.84947735191638,Temple
927542458042325,77.60093582703,12.976442423305,0.818998336792,0.87777777777778,Bridge
512163756480933,77.581278945838,12.979942349774,0.780974805355,0.92941176470588,Gas
805025657086643,77.602263,12.97646,0.780386090279,0.87602339181287,Gas
293936239136000,77.577708195967,12.968523041357,0.782797753811,1,Market
981243339281605,77.580594839601,12.971563870099,0.885524213314,0.51441241685144,Temple
143270171095117,77.575630238352,12.969907396485,0.877759456635,0.96944444444444,Temple
880887182769466,77.598965066606,12.976722080076,0.780894637108,0.81361371337453,Gas
477508996800157,77.577569726927,12.97329682858,0.886672377586,0.94502713418702,Temple
314432030273122,77.578776972441,12.968507534836,0.871151864529,0.76035447761194,Temple
314432030273122,77.578776972441,12.968507534836,0.795767247677,0.76035447761194,Market
236035104964085,77.580189658401,12.973425951798,0.867197573185,0.75361371337453,Temple
372453947488875,77.577631669191,12.968544540939,0.880398154259,0.96878612716763,Temple
331813981629497,77.577280600198,12.974838933201,0.872008323669,0.94444444444444,Temple
460092088418654,77.607060866503,12.975477883604,0.776144981384,0.49337629110206,Parking
520312488991688,77.615408738889,12.978739617222,0.911554038525,0.703125,Fueltank
173665034660004,77.577390605656,12.968613272545,0.87735581398,1,Temple
420516815804797,77.580231651736,12.970966910955,0.871470630169,1,Temple
143002917812185,77.57956906229,12.969362153684,0.883091926575,0.8780487804878,Temple
143002917812185,77.57956906229,12.969362153684,0.809583306313,0.8780487804878,Market
453094705759591,77.596710892466,12.984023191978,0.779634356499,0.75003612716763,Gas
379392570014569,77.580618811844,12.971604312782,0.881525576115,0.82608695652174,Temple
759161634963237,77.608258331212,12.97271912936,0.777343988419,0.4,Gas
845166652746374,77.577483141867,12.968609710236,0.874575138092,1,Temple
502548614078935,77.592707292508,12.979748611046,0.75451874733,1,Monument
367579607951005,77.583848965985,12.983875810711,0.780565619469,0.43809682214622,Gas
276875020783711,77.596819722222,12.975026388889,0.774846076965,0.96878612716763,Gas
318415473007273,77.596885738967,12.964764847432,0.777845561504,1,Gas
205827111164979,77.57842903964,12.968440898706,0.872847735882,0.75805815781897,Temple
164448605610033,77.601344554647,12.968587309492,0.905003547668,1,Skyscraper
150032770411669,77.598427031733,12.976894394433,0.872986614704,0.15989944407161,Temple
214924520140008,77.577043427227,12.968954583642,0.868814349174,0.97910447761194,Temple
466390751254737,77.611144016012,12.980534987858,0.780286371708,0,Gas
526516748723527,77.579748183561,12.969811549422,0.87975525856,0.84683490765543,Temple
526516748723527,77.579748183561,12.969811549422,0.78517884016,0.84683490765543,Market
303474074642231,77.601579,12.975858,0.879752576351,0.76317771084337,Fueltank
844031146459846,77.596254395013,12.974855747549,0.779988110065,0.64137931034483,Gas
298636001765893,77.577362861557,12.973270593223,0.874005496502,0.96878612716763,Temple
202426924875963,77.581030950023,12.972319666308,0.872099339962,0.78927203065134,Temple
202426924875963,77.581030950023,12.972319666308,0.775826632977,0.78927203065134,Market
935600377218126,77.581001948638,12.97227880453,0.867209017277,0.69448057161207,Temple
497219571481203,77.580159818826,12.970839128842,0.874256014824,1,Temple
905790213316813,77.577572325317,12.968574799609,0.880297005177,1,Temple
281562803579119,77.597900258911,12.980698063713,0.922481477261,1,Skyscraper
484008529710252,77.576080933286,12.969521326025,0.878158330917,1,Temple
484008529710252,77.576080933286,12.969521326025,0.80253213644,1,Market
137695708334028,77.577069494946,12.972481604678,0.879223644733,1,Temple
228032489091477,77.580802291704,12.97190228944,0.875688493252,0.8780487804878,Temple
973497376521850,77.576252175567,12.970959744428,0.871198832989,0.96878612716763,Temple
266348115178534,77.595726665832,12.975275153651,0.872914016247,0.77053140096618,Temple
141438461237258,77.572085806627,12.976710568373,0.779820084572,0.8780487804878,Gas
141438461237258,77.572085806627,12.976710568373,0.718964517117,0.8780487804878,Parking
162540219205259,77.577901817931,12.973782601778,0.868995428085,0.95,Temple
498050991613530,77.597232836482,12.980944406037,0.910477519035,0.96878612716763,Skyscraper
254610023121793,77.591194510532,12.9538665712,0.777475476265,0.96878612716763,Gas
878699109639829,77.57740586072,12.973200688151,0.881286740303,1,Temple
248792687026017,77.579710632635,12.969640139502,0.871054053307,1,Temple
495687425112239,77.588925494591,12.974999384172,0.772974252701,0.95,Gas
494317388672238,77.618806259779,12.972707413149,0.882764339447,1,Temple
155420376517972,77.593018915577,12.960887043749,0.869819760323,0.93333333333333,Temple
807389443516605,77.579249963237,12.969134249736,0.879601418972,1,Temple
298476531844144,77.590367198024,12.974880131677,0.776752769947,1,Landmark
258006592727767,77.591906388889,12.985196388889,0.868513822556,1,Temple
213992806837261,77.576487958504,12.971467436303,0.874123692513,0.94444444444444,Temple
941427629989204,77.605945561644,12.971441071233,0.733193814754,0.49934168272319,Gas
130049955809771,77.571410467481,12.960529145728,0.780860006809,0.94859437751004,Gas
777226086328891,77.578424429593,12.96841721983,0.754386723042,0.96878612716763,Market
167851538473715,77.577116768879,12.972743287695,0.871419131756,0.78978210211375,Temple
602413664048097,77.576890541313,12.97216279899,0.868203103542,0.86363636363636,Temple
940058500118017,77.577783549277,12.968496386905,0.870720267296,0.94577114427861,Temple
735318243813576,77.576946783883,12.969069415715,0.875569581985,0.94444444444444,Temple
477332856722549,77.577473837955,12.973246830528,0.873334765434,0.96878612716763,Temple
431951668210060,77.593478579146,12.962166625087,0.754808783531,0.9280701754386,Bridge
959997348137541,77.579157175569,12.968929521752,0.868001103401,0.8448275862069,Temple
391683771838538,77.606802,12.974569,0.878131568432,0.96878612716763,Temple
516203172841424,77.58043734364,12.971397866507,0.881564617157,0.81361371337453,Temple
516203172841424,77.58043734364,12.971397866507,0.822407364845,0.81361371337453,Market
303940887775750,77.5773246,12.9616398,0.870408892632,1,Temple
918201645690659,77.579765534101,12.969797467825,0.868440628052,0.8780487804878,Temple
256186819621159,77.605953970153,12.971730235387,0.710647702217,0.91323057161207,Parking
477753000110210,77.575658904461,12.969997082849,0.869555592537,0.82608695652174,Temple
291297832687836,77.591898055556,12.985196388889,0.867868602276,1,Temple
238611914725933,77.573573055556,12.959911388889,0.77059262991,0.70823545455933,Temple
238611914725933,77.573573055556,12.959911388889,0.76276910305,0.70823545455933,Monument
238611914725933,77.573573055556,12.959911388889,0.772677958012,0.70823545455933,Statue
858632188049225,77.597114070971,12.981012744123,0.902764260769,0.982,Skyscraper
191063812855373,77.593885235334,12.962246386797,0.873489558697,0.80962772785623,Temple
391806112192787,77.604177100073,12.975689002457,0.867770135403,1,Fueltank
178003187551469,77.575755128709,12.969744578016,0.880036115646,0.96878612716763,Temple
178003187551469,77.575755128709,12.969744578016,0.749790489674,0.96878612716763,Market
890195788253800,77.620093,12.973155,0.872583806515,0.78125,Temple
482891146393323,77.581009995265,12.972804936592,0.88250130415,1,Temple
749000922452365,77.6084403724,12.970980825305,0.868382751942,0.41911210386709,Temple
526722585375823,77.590911388889,12.986016388889,0.744132041931,1,Monument
909017139664778,77.614015415383,12.974012559292,0.78611767292,0.81592128801431,Bridge
305516830941472,77.601029,12.976393,0.780892729759,0.63958934671,Gas
193279342663395,77.576040532512,12.969527025719,0.876849353313,0.4,Temple
295558002210348,77.580468356682,12.971426532616,0.879356324673,0.84615384615385,Temple
345601673649951,77.577151302321,12.972836033453,0.881209671497,1,Temple
741543343175195,77.601587,12.97586,0.870143055916,1,Temple
756471728374565,77.579752961246,12.969807190833,0.880990564823,1,Temple
756471728374565,77.579752961246,12.969807190833,0.828354239464,1,Market
341042874311731,77.581299673838,12.973170639028,0.870401144028,0.82664315799785,Temple
308963427442751,77.580303400827,12.971222307545,0.874153733253,0.95,Temple
777153249594634,77.576569849698,12.969214548369,0.871933877468,1,Temple
309567490605945,77.579621616823,12.969475141738,0.873822212219,0.8780487804878,Temple
471006494002616,77.576584015114,12.971590692189,0.874747037888,0.82608695652174,Temple
508813896820224,77.576075065953,12.969526858081,0.879940211773,0.2780487804878,Temple
744600586231911,77.569614848004,12.982825068862,0.757775723934,0.89647085876802,Bridge
333652181427045,77.577249957321,12.972982842487,0.88311612606,0.8448275862069,Temple
333652181427045,77.577249957321,12.972982842487,0.625386118889,0.8448275862069,Market
787381688579305,77.576541770322,12.969228252781,0.884536385536,1,Temple
787381688579305,77.576541770322,12.969228252781,0.78764218092,1,Market
740749693285684,77.566821476192,12.97182629252,0.660764157772,0.4807372346529,History
283299489952609,77.576929684801,12.969077168976,0.877900123596,1,Temple
960358511458974,77.6152551825,12.978149531389,0.891158163548,0.92612198990005,Fueltank
151361946959912,77.580707827655,12.97178972048,0.871565759182,0.95945945945946,Temple
186069636599706,77.580559467969,12.971545094636,0.884838938713,0.94444444444444,Temple
389724892175599,77.612574890993,12.969329737139,0.721202611923,0.96878612716763,Monument
142523684452659,77.581071602253,12.972377459531,0.869560241699,0.86363636363636,Temple
142523684452659,77.581071602253,12.972377459531,0.76278012991,0.86363636363636,Market
986296485576361,77.578252516759,12.974306261179,0.872319996357,0.8780487804878,Temple
473221830631371,77.580931121556,12.972135348258,0.877455890179,0.76608695652174,Temple
313243463512658,77.578581087364,12.96861109325,0.878116130829,0.60714285714286,Temple
497119315042956,77.591603746916,12.978465327633,0.867309212685,0.90807692307692,Temple
319451972869340,77.619257122222,12.985873622778,0.870791494846,0.58445945945946,Fueltank
185197383464142,77.593072475938,12.962355595094,0.781771600246,0.91323057161207,Bridge
474562577162451,77.60576,12.9941313,0.76240414381,0.039410299003322,Bridge
398799365198173,77.580104498265,12.973468448047,0.87063652277,0.82249322493225,Temple
164551785509518,77.617283100335,12.972851246607,0.77786886692,0,Parking
173800051311165,77.615779721944,12.975995382222,0.87376588583,0.64756944444444,Fueltank
298602761865308,77.591369820821,12.986570814014,0.881660461426,0.50388228101378,Temple
493642535112037,77.580168536005,12.97088770197,0.883748888969,1,Temple
510181916807417,77.576714437527,12.971842861746,0.780510783195,1,Gas
290260982762765,77.5925165043,12.979735932325,0.686189115047,0.83032458870609,Market
535391590783339,77.577405525444,12.973095453356,0.87397390604,0.77816091954023,Temple
757589151621766,77.5769089815,12.969096237806,0.870739817619,0.96878612716763,Temple
462986628365948,77.61737449,12.97274492,0.734074056149,0.3336365188456,Bridge
462986628365948,77.61737449,12.97274492,0.731564342976,0.3336365188456,Overpass
157615802981658,77.580686537621,12.971724593093,0.875879108906,1,Temple
926054084903131,77.571371793244,12.958092389662,0.779255270958,0.54927884615385,Gas
460841875029172,77.601011,12.97651,0.777254760265,0.60777799181822,Gas
460841875029172,77.601011,12.97651,0.734468519688,0.60777799181822,Monument
320738672794037,77.580998512057,12.972657457006,0.870707213879,0.85514976353127,Temple
823201328323170,77.590893055556,12.98593,0.712643802166,0.0067599849657969,Bridge
256539956262082,77.591469722222,12.985436388889,0.856695711613,1,Windmill
509589140234244,77.620284,12.972874,0.896422564983,0,Skyscraper
343369133786475,77.57582520142,12.970148879115,0.875138282776,0.8448275862069,Temple
149092350556391,77.577530248163,12.968598017481,0.867662549019,0.96878612716763,Temple
801511133816517,77.572018002973,12.976626959861,0.867136061192,0.94444444444444,Gaspump
746507216029721,77.580988453773,12.972255838116,0.8755620718,0.96878612716763,Temple
164781022138062,77.580870604215,12.971972781246,0.868917346001,1,Temple
532668407738797,77.578685442058,12.968575512071,0.517624378204,0.96878612716763,Market
469512894384193,77.592103444112,12.956069922087,0.881563663483,0.98192771084337,Temple
204303731334132,77.578141037447,12.974129864027,0.875412464142,0.71496789275391,Temple
170010271596503,77.595759989232,12.983202305284,0.88146084547,0.66496666003988,Temple
595748648463239,77.577977506516,12.973966375005,0.774611771107,0.69638610182088,Landmark
378611976787907,77.593311024902,12.962037208502,0.797658503056,1,Bridge
299706955011437,77.576927421687,12.972345440661,0.876692116261,0.96878612716763,Temple
288986022824664,77.596510385672,12.975059347791,0.772492468357,0.93333333333333,Gas
635143250777854,77.615662294281,12.973623356726,0.780731201172,0.95,Gas
204062004914863,77.593309599979,12.962076226261,0.780954897404,1,Gas
866526037263872,77.597060178193,12.994644158546,0.780153512955,0.85514976353127,Gas
892171158293226,77.592693278638,12.960093487066,0.780981302261,0.96878612716763,Gas
498869911171399,77.591368055556,12.985961388889,0.731768131256,0.92307692307692,Militaryvehicle
313893636775912,77.57885836072,12.968335957278,0.878795683384,1,Temple
184510470164971,77.569153571897,12.978794847791,0.780300498009,0.57492258061062,Gas
523254538690638,77.592677012,12.9895029656,0.86948287487,0.64134800069845,Temple
544458773607513,77.567100582518,12.969630155646,0.883745849133,0.78671328671329,Temple
337702314356588,77.61232316,12.97406423,0.87601774931,0.89807692307692,Skyscraper
458922435187993,77.5782143791,12.968207295065,0.880443453789,1,Temple
198961525443458,77.578781414849,12.968506109913,0.879861474037,0.8180487804878,Temple
455928648847675,77.601071,12.976378,0.780955076218,0.95,Gas
262058192313783,77.607775616758,12.971168317818,0.884094238281,0.51087776866284,Temple
227698722477240,77.578876130355,12.968241786596,0.875871241093,1,Temple
479561533458648,77.577984044401,12.968259514322,0.875238478184,0.96878612716763,Temple
479561533458648,77.577984044401,12.968259514322,0.771613240242,0.96878612716763,Market
161328675820792,77.56742916723,12.968956876586,0.873204529285,0.61977059915878,Temple
514538022886560,77.591892136333,12.956194686715,0.870187163353,0.950713838011,Temple
385268852591174,77.610083,12.97678,0.870046496391,0.65133275832384,Temple
134670195323018,77.596933167323,12.981106115354,0.908434510231,0.8243006993007,Skyscraper
197981122162783,77.612506058455,12.969263723114,0.761232256889,1,Gas
470539970896083,77.577027753068,12.96900324059,0.786342680454,1,Market
285613729683654,77.57691677667,12.969087813993,0.876216113567,0.96878612716763,Temple
285613729683654,77.57691677667,12.969087813993,0.744052112103,0.96878612716763,Market
456998118705736,77.576464992089,12.971450001945,0.885461986065,1,Temple
308601657344677,77.575634429304,12.969898385939,0.879687905312,0.93611111111111,Temple
294607878860259,77.591193923799,12.953879982245,0.779487907887,0.91323057161207,Gas
914397212690323,77.575658904461,12.969997082849,0.871574759483,0.82608695652174,Temple
246903063862354,77.576703459376,12.982275433649,0.780790090561,1,Gas
822578385324893,77.598643150589,12.966544660216,0.799993216991,0.41876819455978,Bridge
216486366621523,77.578757191149,12.968517383573,0.874094605446,0,Temple
216486366621523,77.578757191149,12.968517383573,0.791479468346,0,Market
476687566744615,77.591865398062,12.978808181372,0.87299489975,0.96666666666667,Temple
154855416586739,77.580302059723,12.971210530971,0.883339524269,1,Temple
402164374093621,77.596779467691,12.981173065312,0.87579023838,0.62999073794516,Skyscraper
252873873258176,77.59157,12.985618055556,0.764100968838,0.890713838011,Militaryvehicle
283386850093634,77.604506388889,12.980334722222,0.786310255527,0.116414548595,Skyscraper
283386850093634,77.604506388889,12.980334722222,0.773231089115,0.116414548595,Landmark
761782231200164,77.597710663172,12.980750860583,0.914492666721,0.91526104417671,Skyscraper
490811165492990,77.57084396,12.98053809,0.871745884418,0.950713838011,Temple
376867803542878,77.596954397581,12.981022722546,0.780835568905,0.45071629006055,Gas
518697759477155,77.605961645722,12.971705297646,0.812994360924,0.081225733400061,Parking
372832324002956,77.576760873271,12.97190224753,0.882799983025,0.8448275862069,Temple
268593204993502,77.591965897081,12.958366940741,0.780226588249,0.9050046339203,Gas
317029156474803,77.606677,12.975355,0.868848443031,0.73958724202627,Temple
455443162402029,77.580943526772,12.972165271652,0.875710129738,0.78927203065134,Temple
967602650758410,77.57933361463,12.973716175196,0.878327965736,0.82249322493225,Temple
296129642111759,77.577251968978,12.97290560325,0.878510892391,1,Temple
824588195148156,77.601213129555,12.972617430364,0.875775039196,0.340336272664,Temple
743313339696296,77.579598063675,12.969420827006,0.873656272888,0.82608695652174,Temple
287221976282420,77.576969331203,12.969066356321,0.87228757143,1,Temple
499590524515213,77.580025624556,12.973583489668,0.873626887798,0.8180487804878,Temple
331334841680700,77.575630322171,12.969952742581,0.804198861122,1,Market
491680848944735,77.597072037395,12.980989347899,0.947368443012,0.67515485417531,Skyscraper
485215372728319,77.613371088889,12.975763602881,0.778679430485,1,Gas
481765756491563,77.590400528563,12.977436052067,0.871277868748,0.98192771084337,Temple
922651994968548,77.591388300134,12.954232818459,0.862384915352,0.91666666666667,Golfcart
462004935105276,77.593901697619,12.962387278688,0.75447422266,0.93157894736842,Parking
299200698365558,77.607348784877,12.975384676841,0.777906775475,0.46666666666667,Gas
308646887569834,77.615706521523,12.973422256531,0.77572363615,0.55292001070578,Gas
522609842451420,77.598588474642,12.980471005401,0.84178507328,0.96878612716763,Skyscraper
193300132633210,77.598011402388,12.980661717159,0.936579704285,1,Skyscraper
222094633050239,77.580186976192,12.970934933995,0.877082645893,1,Temple
848700749015580,77.577421786336,12.973105092545,0.871598720551,0.95,Temple
302128054868388,77.596786515875,12.981175101462,0.91354060173,0.90878612716763,Skyscraper
976322803137032,77.596214787758,12.974906210364,0.765109121799,0.95078612716763,Gas
312212587081264,77.603661938462,12.972680684615,0.871524810791,0.26558739758505,Temple
465584221407493,77.57894670598,12.96848041938,0.8681178689,0.8780487804878,Temple
791845841753164,77.61080865399,12.973024183149,0.872756898403,0.8780487804878,Temple
288034646239492,77.576594911588,12.971614077699,0.873292267323,0.8448275862069,Temple
743830752957616,77.577644409684,12.968538254511,0.600704908371,0,Market
743368896303801,77.618797222222,12.972652777778,0.780965030193,1,Gas
327229405413378,77.58056374274,12.971546393831,0.825009584427,0.51441241685144,Market
744549286211190,77.577355904577,12.968626013038,0.879966497421,1,Temple
319218379589034,77.578271208403,12.974322480162,0.868211448193,0.81361371337453,Temple
160437982685795,77.5925165043,12.979735932325,0.763299286366,0.81394741749021,Market
238833671371733,77.580961464045,12.972189579171,0.878883898258,0.8448275862069,Temple
238833671371733,77.580961464045,12.972189579171,0.767361938953,0.8448275862069,Market
655474295282274,77.58096540354,12.973197167751,0.779189407825,0.91323057161207,Gas
982057132602485,77.592089949248,12.956080650923,0.877577424049,1,Temple
811573016394602,77.616904313486,12.973236125284,0.780064821243,0.20170962443539,Gas
486996395732391,77.615702306786,12.973562304315,0.768318116665,0,Gas
963925084363778,77.594530881602,12.966591381123,0.780363559723,0.73487308368937,Gas
490500218806656,77.596618510465,12.975101852239,0.829946815968,1,Militaryaircraft
488875385495322,77.602189587386,12.97864399556,0.78073322773,0.96878612716763,Gas
513018933048028,77.57663715638,12.96923525167,0.879657506943,0.96878612716763,Temple
513018933048028,77.57663715638,12.96923525167,0.812153875828,0.96878612716763,Market
889179258605139,77.575735095961,12.969855973509,0.794450819492,0.96878612716763,Market
537850124265293,77.592608601435,12.989407540191,0.870915830135,0.61458333333333,Temple
861624548031118,77.609833281485,12.974077748519,0.72896271944,0.73833796725363,Gas
861624548031118,77.609833281485,12.974077748519,0.685507178307,0.73833796725363,Parking
534436797679163,77.578464075995,12.968485490431,0.868773937225,0.688125,Temple
534436797679163,77.578464075995,12.968485490431,0.836964011192,0.688125,Market
799121934041512,77.568240417764,12.957954,0.87827372551,0.8780487804878,Temple
317733486374007,77.596409049831,12.975013250723,0.868759393692,1,Temple
342820340693059,77.600118205559,12.967727229696,0.86783427,0.053296703296703,Temple
290417462626218,77.592072598708,12.955886651774,0.882949054241,0.85715325809975,Temple
310042300720910,77.579997126085,12.970553389762,0.887559473515,1,Temple
331893765121463,77.591733802182,12.957244981092,0.870537221432,0.96878612716763,Temple
192310502800578,77.614688263226,12.971612066803,0.773801982403,0.94444444444444,Gas
803146823945021,77.578840758724,12.968301046652,0.774074792862,1,Market
533631751354967,77.577242665065,12.972666006547,0.872393906116,1,Temple
246473293693168,77.577402759416,12.973047257413,0.880159497261,0.26363636363636,Temple
246473293693168,77.577402759416,12.973047257413,0.733652293682,0.26363636363636,Market
474376587006006,77.576029719857,12.969539263298,0.878408074379,0.8448275862069,Temple
845626966349495,77.580617722196,12.971642324713,0.878506481647,0.91878612716763,Temple
477200883487408,77.580556450484,12.971540358861,0.88052880764,0.30397727272727,Temple
604551887152310,77.584178142136,12.961629317845,0.873092770576,0.982,Temple
368721377908721,77.596914008679,12.981093217736,0.91190725565,0.75839186193466,Skyscraper
348757549913537,77.578728944135,12.968537374412,0.877648234367,0,Temple
348757549913537,77.578728944135,12.968537374412,0.807773053646,0,Market
348757549913537,77.578728944135,12.968537374412,0.742905139923,0,Marketplace
348757549913537,77.578728944135,12.968537374412,0.742905139923,0,Marketplace
453988369225394,77.591179901991,12.978086866234,0.87824255228,1,Temple
297687368605865,77.594481390042,12.987628290442,0.780773937702,0.96878612716763,Gas
312346413795811,77.580814864559,12.973024039541,0.872207283974,1,Temple
759270431447008,77.600142589787,12.967738477233,0.867878973484,0.38941241685144,Temple
479803520113252,77.620261111111,12.972766666667,0.870611488819,0.63920110265624,Temple
846649936059609,77.620484,12.972932,0.876869916916,1,Temple
259327535974684,77.61226023283,12.974048195267,0.945270836353,0.85010482180294,Skyscraper
481736166437731,77.591194510532,12.9538665712,0.777058005333,0.62352941176471,Gas
220953452771725,77.580844033582,12.973043024552,0.876294314861,0.96878612716763,Temple
862944861235660,77.595726665832,12.975275153651,0.878356993198,0.48774304198002,Temple
277015824117415,77.578777888888,12.974195777778,0.772552549839,0.77803858613907,Gas
315648450082181,77.579313833339,12.973837167968,0.780649602413,0.16878612716763,Gas
295161705475062,77.578860707653,12.968305405241,0.867062330246,0.75942028985507,Temple
499174711130886,77.577722217923,12.974688344196,0.780956029892,0.78125,Gas
793745281260211,77.5925165043,12.979735932325,0.870789110661,0.648,Temple
492065808670192,77.598519722222,12.980436388889,0.918414354324,0.4939566395664,Skyscraper
777796382882916,77.5749532,12.97435115,0.869262874126,0.66255531169245,Temple
496848541453362,77.607579994726,12.977422693967,0.805993914604,0.49337629110206,Bridge
237841874796814,77.601038,12.976392,0.780861735344,0.73629103815439,Gas
281114283656773,77.617861149828,12.984261286333,0.844993889332,0.36166763830907,Lake
281114283656773,77.617861149828,12.984261286333,0.826896905899,0.36166763830907,Bank
303976234555246,77.612188822695,12.974062368085,0.935974299908,0.76950653120464,Skyscraper
376582760243605,77.575960736794,12.970376280148,0.877423763275,0.82608695652174,Temple
376582760243605,77.575960736794,12.970376280148,0.808044314384,0.82608695652174,Market
212924200267153,77.605898,12.97555,0.882261514664,1,Temple
212924200267153,77.605898,12.97555,0.819882571697,1,Market
836040947007461,77.591865398062,12.978808181372,0.877856135368,0.74859437751004,Temple
480577409874553,77.591950617199,12.978950800979,0.772666931152,0.94444444444444,Landmark
284518973139610,77.575968531964,12.970408550476,0.87938606739,0.84683490765543,Temple
284518973139610,77.575968531964,12.970408550476,0.816436886787,0.84683490765543,Market
463714598020165,77.579709207711,12.969605941337,0.881373941898,0.96878612716763,Temple
824697061481464,77.573459722222,12.959563055556,0.743573904037,0.66041392683983,Statue
490952648718877,77.604587450556,12.978621264722,0.892106115818,0.51666666666667,Fueltank
306565310991917,77.579452805293,12.969246148144,0.871078431606,1,Temple
524504145595896,77.599393595562,12.995390776676,0.873173952103,0.8780487804878,Temple
370036861086627,77.579753967074,12.969829109509,0.879383027554,1,Temple
370036861086627,77.579753967074,12.969829109509,0.797139585018,1,Market
865577637326095,77.609346392703,12.974610671942,0.747680068016,0.80752136752137,Bridge
262620058932579,77.577051054759,12.968873153453,0.876023650169,1,Temple
303471957954838,77.612549826076,12.969295210851,0.780392408371,0.4,Gas
454320195858643,77.613688,12.973719,0.875369846821,0.77842196371694,Temple
766782427316296,77.595561790941,12.981536386761,0.873034656048,0.89859437751004,Temple
916693529126536,77.618260346425,12.972755986278,0.873790204525,0.93157894736842,Temple
909428466503694,77.579498570485,12.969275820081,0.872310638428,0.98192771084337,Temple
940855956745096,77.57564943291,12.96999004205,0.879199326038,0.94444444444444,Temple
505931920578443,77.587231982591,12.968311608299,0.873226702213,0.55792898431049,Temple
870514006883271,77.615674364292,12.973634394315,0.780984759331,0.82608695652174,Gas
583302829728973,77.579545928238,12.97365691514,0.871587514877,0.9,Temple
464079884856124,77.580404821856,12.971369619493,0.884139835835,0.8180487804878,Temple
201057321846485,77.578622493965,12.968596089643,0.868848085403,0.8448275862069,Temple
332170681577396,77.57588404238,12.970210150828,0.867762684822,0.8780487804878,Temple
367343951381228,77.588674722222,12.954703055556,0.872445642948,0.82090643274854,Temple
496380758342338,77.617391666667,12.973088888889,0.812310874462,0.12330138436588,Parking
213377863553032,77.602655,12.975423,0.872423827648,0.96878612716763,Temple
309353437426118,77.577150128854,12.972553772864,0.874508261681,1,Temple
301087148135547,77.594963,12.967551,0.872706711292,1,Temple
824600218412721,77.594548,12.969391,0.880581498146,0.59071671843299,Temple
819131135362071,77.597750917573,12.980735103767,0.887931466103,0.91133947554926,Skyscraper
741645929843386,77.5769089815,12.969096237806,0.867520272732,0.96878612716763,Temple
791181441831560,77.576721059231,12.971851620835,0.882507205009,0.8448275862069,Temple
791181441831560,77.576721059231,12.971851620835,0.806847929955,0.8448275862069,Market
324965432377306,77.599512832394,12.995395869819,0.779641568661,0.8780487804878,Gas
393161101748132,77.59708526,12.98102834,0.878918111324,0.90432692307692,Skyscraper
186779013312421,77.581156343294,12.973397034232,0.874726831913,1,Temple
304741111209547,77.578173894507,12.968196859595,0.872761309147,0.96878612716763,Temple
385231196606836,77.59347304709,12.959886873153,0.882597029209,0.8780487804878,Temple
557365628570861,77.61333,12.975737,0.874935150146,0.91323057161207,Temple
553479612309825,77.57703018382,12.968973065739,0.720624268055,1,Market
813168196289207,77.607024843837,12.972249327309,0.780756771564,1,Gas
288654769535512,77.594879,12.96759,0.873001873493,1,Temple
746963665969445,77.581290789021,12.973184846354,0.780669331551,0.84944907836474,Gas
468540061067615,77.576602203844,12.969227917504,0.867253482342,0.82249322493225,Temple
828941171069938,77.580894660277,12.972982800578,0.871197581291,0.94444444444444,Temple
179504487374643,77.58852616,12.96408324,0.875538229942,0.7855464159812,Temple
380431093177233,77.615068433611,12.976242983611,0.939224720001,0.32148863636364,Fueltank
298064645366644,77.601031,12.976387,0.780947268009,0.89,Gas
213228450256415,77.576452251596,12.971163131309,0.873681247234,0.82249322493225,Temple
778072259513659,77.577042421398,12.969012544502,0.87726765871,0.8448275862069,Temple
301443354875906,77.616548120491,12.973267973561,0.769576668739,0.8780487804878,Landmark
300532295008349,77.612553585868,12.969256005947,0.780741810799,0.96666666666667,Gas
793332181324532,77.581245442925,12.973214308743,0.887402892113,1,Gaspump
793332181324532,77.581245442925,12.973214308743,0.816539108753,1,Gasoline
793332181324532,77.581245442925,12.973214308743,0.816539108753,1,Gasoline
245847040662146,77.578840758724,12.968301046652,0.798446238041,0.94444444444444,Market
481098293111138,77.578608747644,12.97399973498,0.874364316463,0.75003612716763,Temple
796537637666240,77.590929722222,12.98599,0.801970422268,0.95078612716763,Militaryaircraft
941083969989784,77.579644499419,12.969502173376,0.8682102561,0.89,Temple
128271636002880,77.596427900324,12.975001418803,0.877322137356,0.950713838011,Temple
915465619242776,77.577093048094,12.972832974059,0.872414469719,0.76837650826328,Temple
816444775744347,77.605983895541,12.977976747193,0.780223369598,0.38555697490124,Gas
309318550645248,77.596525,12.98122,0.958499729633,0.6406660412758,Skyscraper
165116552209894,77.591426388889,12.98617,0.777676403522,0.703125,Gas
494090951774054,77.596522383362,12.981267423658,0.890777945518,0.91666666666667,Skyscraper
473362710600213,77.591826925126,12.956203026709,0.87320792675,0.66800074777471,Temple
473362710600213,77.591826925126,12.956203026709,0.786423742771,0.66800074777471,Market
473362710600213,77.591826925126,12.956203026709,0.731290698051,0.66800074777471,Marketplace
473362710600213,77.591826925126,12.956203026709,0.731290698051,0.66800074777471,Marketplace
245801063970651,77.579670231862,12.969557913032,0.881159365177,1,Temple
756671454931602,77.575853441473,12.98060568668,0.845833897591,0.73243464052288,Skyscraper
861521958095867,77.583687497034,12.983950056785,0.774079501629,0.47669515270384,Gas
616870982602721,77.579524889661,12.973669362266,0.869040191174,1,Temple
279955420428829,77.594963,12.967552,0.878637731075,1,Temple
131364732361745,77.577553298397,12.968589048845,0.873132407665,0.84378612716763,Temple
298821268467512,77.612263262344,12.974031963398,0.939293622971,0.73204016913319,Skyscraper
495999258202161,77.6028671,12.9765518,0.869179785252,1,Temple
308441877595244,77.581299673838,12.973170639028,0.876144230366,0.85566037735849,Temple
212477297352757,77.596339722222,12.981283055556,0.933470487595,0.46591846353246,Skyscraper
274264864335322,77.577342493532,12.972946716485,0.873977780342,0.8780487804878,Temple
472936660451567,77.578322170375,12.968126200152,0.873182356358,0.8665813556185,Temple
481030063119148,77.565597923456,12.95790009841,0.867108941078,0.76325,Temple
868781067038011,77.590563269404,12.977702440706,0.883145868778,0.90416666666667,Temple
569598737338183,77.590798055556,12.98538,0.758084535599,0.95003612716763,Monument
874975836696853,77.579767042843,12.973619657581,0.875213682652,0.86363636363636,Temple
874975836696853,77.579767042843,12.973619657581,0.822849988937,0.86363636363636,Market
143522781071439,77.577431928439,12.973229563807,0.879407227039,1,Temple
574293540207992,77.576624751163,12.971746847046,0.872707784176,0.92051026509866,Temple
294074045609428,77.607998457088,12.971088162937,0.872249662876,0.70211946050096,Temple
953069295503351,77.601783,12.976754,0.722171723843,0.34157982801711,Overpass
471106414123040,77.611055,12.991881388889,0.857097089291,0.69092128801431,Golfcart
995807427621790,77.614081560543,12.973546439584,0.763836026192,0.4,Gas
492906591849648,77.615908300576,12.973407260154,0.806929528713,0.703125,Skyscraper
837600016828842,77.577451961187,12.973214057286,0.876108407974,1,Temple
184485860202032,77.598076,12.976006,0.869148671627,1,Temple
489152109174376,77.605948615715,12.971666318053,0.755838274956,0.49122798654539,Gas
469273190799518,77.580439020021,12.973208692868,0.869680941105,0.95078612716763,Temple
494417501906475,77.60220745005,12.978705026179,0.779237568378,1,Gas
159579982772964,77.579766875205,12.969845118944,0.872395575047,0.91600834938985,Temple
159579982772964,77.579766875205,12.969845118944,0.799390375614,0.91600834938985,Market
902085360357576,77.620244,12.972936,0.950059652328,0.8448275862069,Golfcart
314018510446931,77.591385,12.98606,0.770954668522,0.96666666666667,Gas
314018510446931,77.591385,12.98606,0.751543521881,0.96666666666667,Monument
364855558275438,77.577018952069,12.97241647729,0.871134757996,0.84683490765543,Temple
214266700214311,77.57999846719,12.973593003129,0.876820087433,0.8448275862069,Temple
956675938312345,77.585585675325,12.954607376626,0.867429256439,0.96666666666667,Temple
173040277948342,77.577317599279,12.968691433792,0.878595471382,0.96878612716763,Temple
917372498879699,77.590749722222,12.986165,0.680238127708,1,Monument
237698381115838,77.615676003505,12.973640390934,0.758465826511,0.98192771084337,Bridge
486673336098784,77.580250259561,12.970971814369,0.869869887829,0.96878612716763,Temple
482934566355810,77.576675860738,12.981885072719,0.81691390276,0.81577540106952,Parking
213614073863815,77.601121,12.973229,0.867547869682,1,Temple
929145461215783,77.607884,12.974565,0.811797738075,1,Market
157836479681848,77.619965,12.972586388889,0.874823868275,0.34446278800733,Skyscraper
155987143143627,77.579670231862,12.969557913032,0.879563808441,1,Temple
777032789866836,77.581420680464,12.98397603995,0.817128062248,0.84441176470588,Parking
467157481037715,77.617199992276,12.972912042073,0.791118741035,0,Parking
827735328154096,77.591865398062,12.978808181372,0.874709606171,0.632,Temple
292412129213248,77.59008864427,12.962868286287,0.880647718906,0.89,Temple
506744810461028,77.596355328953,12.974694407319,0.78079944849,0.92307692307692,Gas
979122059525973,77.579755727274,12.969773244125,0.879684567451,1,Temple
799573943996630,77.614797222222,12.97395,0.868382871151,0.96878612716763,Temple
892321357992805,77.577370656727,12.97302412336,0.869912683964,0.86323057161207,Temple
569423167386000,77.579737454725,12.969721318235,0.878658056259,0.8448275862069,Temple
548556612778205,77.604044,12.975958,0.840281307697,1,Parking
527173674983293,77.576087554989,12.969564953831,0.771837890148,0,Gas
422600358908103,77.606056393954,12.99398159554,0.817334055901,0.68231707317073,Bridge
229231878998258,77.576721059231,12.971851620835,0.879745900631,0.8448275862069,Temple
937937103627630,77.572087072338,12.97670228408,0.778188049793,0.68465056197981,Gas
203626871358151,77.577027753068,12.96900324059,0.767541646957,0.26855908418165,Market
203626871358151,77.577027753068,12.96900324059,0.695033431053,0.26855908418165,Marketplace
203626871358151,77.577027753068,12.96900324059,0.695033431053,0.26855908418165,Marketplace
136396991813413,77.573513055556,12.959728055556,0.876427233219,1,Temple
136396991813413,77.573513055556,12.959728055556,0.758592426777,1,Temple
136396991813413,77.573513055556,12.959728055556,0.762322366238,1,Monument
761194364580656,77.618997367171,12.972687548038,0.876520216465,0.96666666666667,Temple
327868372034512,77.578410515634,12.968307668355,0.879028141499,0.8780487804878,Temple
475276873714822,77.578985849468,12.968637244788,0.879937887192,0.76149425287356,Temple
941396119927935,77.580517642272,12.971496898693,0.879752576351,0.8780487804878,Temple
805613793725348,77.591865398062,12.978808181372,0.792443811893,0.69444444444444,Market
391674538901399,77.578423256127,12.968323091057,0.802482128143,0.82222222222222,Market
318302979639747,77.579984573529,12.970546771625,0.876367807388,0.96878612716763,Temple
263935782092864,77.576721897421,12.971958280553,0.869472146034,0.93174909013059,Temple
304693407793994,77.580604981703,12.971572377731,0.876298427582,0.86363636363636,Temple
254332036480462,77.597010884444,12.98104801,0.919610261917,0.88333333333333,Skyscraper
305248731171855,77.575670722944,12.969832294633,0.881081521511,1,Temple
500079507705952,77.596690469107,12.98116906329,0.829083144665,0.96878612716763,Skyscraper
470105454255962,77.622709,12.982714,0.873686254025,0.94859437751004,Temple
303509924666997,77.593184709621,12.96236636584,0.872037947178,1,Temple
518939065802638,77.603615,12.991958055556,0.875061511993,0.65626846215513,Temple
286742099802192,77.579200510008,12.968998882,0.872833967209,0.86363636363636,Temple
290517809370377,77.57179965739,12.958046682008,0.873444437981,0.8780487804878,Temple
904237346805342,77.609264195529,12.97065146763,0.780926167965,0.96878612716763,Gas
329501205254453,77.577402611721,12.97475969414,0.777815639973,1,Market
796710817900425,77.576153352929,12.970698899602,0.875095248222,0.8780487804878,Temple
839173910017906,77.600182886691,12.967766890748,0.867920577526,0.8175856120816,Temple
219551972941645,77.578769177271,12.968477862899,0.838579714298,0.33948863636364,Market
148191307311942,77.578860707653,12.968305405241,0.87598156929,1,Temple
301585978364494,77.593526607452,12.962112645631,0.771934390068,0.81361371337453,Parking
287092696486238,77.578297779036,12.968120710005,0.876283168793,0.72694995999336,Temple
287092696486238,77.578297779036,12.968120710005,0.805268347263,0.72694995999336,Market
187551399898042,77.572162273622,12.957512902558,0.867056131363,0.84683490765543,Temple
855844345005216,77.576935384495,12.97225458083,0.875248491764,0.8780487804878,Temple
312714240476391,77.597084414042,12.981038227683,0.881549954414,0.90807692307692,Skyscraper
862971457622189,77.577027753068,12.96900324059,0.869802832603,0.96878612716763,Temple
190868902881798,77.595971198478,12.974140764223,0.951944947243,1,Skyscraper
295751998833250,77.580299964247,12.97114573886,0.873509049416,0.72569444444444,Temple
135171728637187,77.580730626432,12.971832593915,0.880477309227,0.86111111111111,Temple
324839165653165,77.577322963697,12.972755902459,0.877931118011,0.84683490765543,Temple
481957156180736,77.577137053085,12.968832375494,0.881790459156,1,Temple
305188387770819,77.579681966526,12.973601678398,0.740429222584,0.8,Market
847145072864352,77.592107299788,12.956052613457,0.874234616756,1,Temple
495671354893594,77.58039493121,12.973289787781,0.881404042244,1,Temple
186000070041030,77.579766875205,12.969845118944,0.754882216454,0.96944444444444,Market
295254542264129,77.58053692065,12.971510309738,0.877775192261,1,Temple
919422708850044,77.57903496742,12.968710712169,0.873480021954,0.82608695652174,Temple
329896658565133,77.578295180646,12.974363425759,0.867928147316,1,Temple
829299324652547,77.577237635923,12.96875999776,0.876267492771,1,Temple
486799165805971,77.605424,12.975663,0.873885691166,1,Temple
755595911771146,77.576770023509,12.982854873354,0.771431207657,0.84683490765543,Gas
518908649278685,77.619186111111,12.972908333333,0.787664055824,0.82608695652174,Landmark
324850152315096,77.580979317499,12.972224405979,0.88334107399,0.703125,Temple
528513558278819,77.579329842774,12.973788888206,0.881566047668,0.78125,Temple
779253222964078,77.597028137827,12.981061195976,0.897274374962,0.76143410852713,Skyscraper
312716653643594,77.577372333107,12.972996714537,0.879861176014,0.94444444444444,Temple
925436178305356,77.580870604215,12.971972781246,0.871051073074,1,Temple
209069304079494,77.576211020423,12.970889420261,0.875943601131,0.82249322493225,Temple
430224231741244,77.579277874974,12.973796012823,0.878722310066,0.87777777777778,Temple
309137737265383,77.606839884234,12.968039374577,0.867423653603,0.81458958407813,Temple
134361582005751,77.576948376445,12.972363000748,0.869207084179,0.95,Temple
343370357134353,77.597024406814,12.981022715731,0.91537964344,0.85568421052632,Skyscraper
508872277140256,77.57894846618,12.96843276826,0.878163099289,0.83080808080808,Temple
287551679770559,77.597788732246,12.980726586529,0.912401199341,0.9415133998949,Skyscraper
218009103003211,77.613967,12.975523,0.874611914158,0.82608695652174,Temple
448357029597942,77.577200839368,12.97286402901,0.884743154049,1,Temple
601219010837169,77.612978,12.988487,0.867076694965,0.85224358974359,Temple
265642868627233,77.578249080179,12.974299388018,0.869843482971,0.94722222222222,Temple
797095720940408,77.578527610821,12.96855916736,0.877700388432,0.8780701754386,Temple
532128864475933,77.615702306786,12.973562304315,0.780857086182,0.8448275862069,Gas
221850529318002,77.580618811844,12.971604312782,0.882528960705,0.8780487804878,Temple
523844695291486,77.594943,12.967547,0.872734606266,1,Temple
373446530696169,77.575695114283,12.969816620474,0.870675981045,1,Temple
296674218619759,77.576381927428,12.971121096064,0.883970022202,0.79559997540777,Temple
394355888223288,77.598745159906,12.980408316327,0.896963953972,0.925713838011,Skyscraper
807624243514125,77.577966107128,12.973957406369,0.712892055511,0.78125,Market
180507073842438,77.591454722222,12.986098055556,0.768515825272,1,Militaryvehicle
510370637011600,77.576224180011,12.97091540416,0.779825747013,0.62217261904762,Gas
270705688116141,77.57906530991,12.9687755881,0.875098049641,0.95,Temple
369687691045778,77.579870049659,12.980414844794,0.780806958675,0.96666666666667,Gas
548339506570810,77.618538457973,12.972732936044,0.878914356232,1,Temple
247105677104753,77.581074619738,12.972440365714,0.869996488094,0.8448275862069,Temple
292144345972445,77.578524090422,12.974025928427,0.876066923141,0.44220353101982,Militarycamouflage
201966661547269,77.619277777778,12.972963888889,0.869241476059,0.96878612716763,Temple
776320096359808,77.60103,12.976397,0.779666721821,0.96878612716763,Gas
776320096359808,77.60103,12.976397,0.805449306965,0.96878612716763,Statue
896440724258174,77.5766733,12.9601669,0.787940680981,0.8448275862069,Parking
381909576418814,77.614552698962,12.975412456698,0.869431257248,0.60714285714286,Temple
520662628929560,77.60760775049,12.9677628528,0.875966012478,0.74275362318841,Temple
514084593110491,77.579758409483,12.969805179176,0.886405944824,1,Temple
935669663919752,77.576704630701,12.971830707987,0.877374351025,1,Temple
481124776460773,77.579725720061,12.969709080656,0.87753367424,1,Temple
281846686982699,77.615179996667,12.977690454444,0.889755368233,1,Fueltank
813815136221514,77.5925165043,12.979735932325,0.867415010929,0.84516129032258,Temple
803265223902254,77.615277777778,12.973369444444,0.870738446712,0.8780487804878,Temple
306192674458177,77.578252516759,12.974306261179,0.877918541431,0.8780487804878,Temple
758163308204614,77.599544533497,12.974368160627,0.780979812145,0.49450241296132,Gas
163276612300154,77.577901817931,12.973782601778,0.872309088707,0.8448275862069,Temple
735429443791588,77.564166152097,12.968017166017,0.780972361565,0.84249471458774,Gas
483404466239540,77.601593,12.975865,0.873917460442,1,Temple
499827087823465,77.593523841424,12.962299855438,0.877389490604,0.93157894736842,Temple
476481156801652,77.596964437231,12.981101280615,0.948883354664,0.41043773171554,Skyscraper
158758479587979,77.60592,12.9714967,0.657861948013,0.6415133998949,Parking
871159020279144,77.605289,12.975645,0.878117203712,0.985,Temple
917805748783249,77.576489886341,12.969321920549,0.765432476997,0.87393801137433,Market
925718511334597,77.577192,12.975641,0.778901040554,0.5901236742008,Gas
910064842899955,77.59794,12.976501388889,0.878138780594,0.96878612716763,Temple
323982382428926,77.581071602253,12.972377459531,0.878551244736,1,Temple
206988734568595,77.598360443753,12.980556255711,0.876369357109,0.94859437751004,Skyscraper
494686935303341,77.578530125392,12.96853406356,0.879285871983,0.95078612716763,Temple
168173161921275,77.577017694784,12.969010910031,0.869332015514,1,Temple
827332004556299,77.577401166854,12.968618301687,0.874948918819,0.55077605321508,Temple
232574341997507,77.578106001092,12.968171504338,0.868924498558,0.8780487804878,Temple
325368179011718,77.5957651,12.99043146,0.780710756779,0.13210764645191,Gas
515762876263479,77.579798864209,12.980367592155,0.868483006954,0.82608695652174,Temple
279633677158468,77.599559353146,12.967310906235,0.869379162788,0.4592560782241,Temple
241528907751822,77.605295134444,12.978354720278,0.892120718956,0.9375,Fueltank
466212884608155,77.596694771859,12.975135978943,0.781002342701,0.66616263570208,Gas
171659701489005,77.60984506,12.99309691,0.869564294815,0.34919258373206,Temple
215760826706685,77.57869826637,12.968570734386,0.738781809807,0.80363636363636,Market
215760826706685,77.57869826637,12.968570734386,0.663159012794,0.80363636363636,Marketplace
215760826706685,77.57869826637,12.968570734386,0.663159012794,0.80363636363636,Marketplace
175857367757981,77.597431388889,12.976623055556,0.868986725807,0.86363636363636,Temple
513867033134663,77.577984044401,12.968259514322,0.874823749065,0.95,Temple
513867033134663,77.577984044401,12.968259514322,0.803304970264,0.95,Market
180913990573778,77.591865398062,12.978808181372,0.878145098686,0.5837091578463,Temple
839147146809884,77.602976,12.979145,0.778412461281,0.71282894736842,Gas
467870967856879,77.592459703882,12.979471136486,0.778575003147,0.96878612716763,Landmark
177890780857119,77.578883590249,12.968348991138,0.878741681576,0.91910447761194,Temple
121203360003979,77.579780872984,12.973620202404,0.868682563305,0.8448275862069,Temple
881079442440006,77.59182139307,12.956185843808,0.734734892845,0.67272727272727,Market
790803565165200,77.577048121093,12.969024111529,0.786122977734,0,Market
379988413263395,77.578295180646,12.974363425759,0.868506073952,0.86816037735849,Temple
159465516034905,77.581022316662,12.972733061773,0.81002676487,0.78125,Market
159465516034905,77.581022316662,12.972733061773,0.735791683197,0.78125,Marketplace
159465516034905,77.581022316662,12.972733061773,0.735791683197,0.78125,Marketplace
760409568177558,77.5775367,12.9638104,0.764451742172,0,Gas
321709852909166,77.573828055556,12.959814722222,0.777350246906,0.96878612716763,Landmark
144205071017692,77.577355904577,12.968626013038,0.875877559185,1,Temple
463929544718941,77.575702490357,12.96985588969,0.786428749561,0.8780487804878,Landmark
483265972926414,77.57764644127,12.97472180388,0.78026252985,1,Gas
268985708306969,77.579555148331,12.973653562379,0.878071546555,0.94444444444444,Temple
966730400534349,77.618415914548,12.972733522777,0.880152523518,0.88055555555556,Temple
479394143397309,77.579637710077,12.969486918312,0.880048751831,1,Temple
347592426725191,77.605940966536,12.971736374907,0.774130284786,0.6612091578463,Gas
347592426725191,77.605940966536,12.971736374907,0.722423791885,0.6612091578463,Parking
465796567823695,77.578153945578,12.974141305325,0.872016429901,0.95,Temple
466888031090994,77.601359,12.976027,0.870592832565,0.78125,Temple
333992438079012,77.58014213301,12.97079772224,0.881706357002,0.82608695652174,Temple
285312433248817,77.59781660846,12.97564439154,0.946723997593,0.4,Skyscraper
614000449560576,77.580876974461,12.973099057575,0.875363707542,0.87307692307692,Temple
126912506094033,77.575964927746,12.970350924891,0.884649574757,0.78125,Temple
504674080716173,77.59153749801,12.978782784206,0.703445732594,0,Temple
257623546097171,77.579470910204,12.969250674372,0.880327582359,0.91542644337316,Temple
475545980228489,77.589378488769,12.963716601457,0.873906970024,0.61635557161207,Temple
958604764886937,77.610748652441,12.973698279832,0.871720194817,0.49337629110206,Temple
958604764886937,77.610748652441,12.973698279832,0.769138813019,0.49337629110206,Temple
297082208655696,77.577402759416,12.973047257413,0.877252399921,1,Temple
199436085147776,77.601014,12.976359,0.78100413084,1,Gas
297470841905796,77.576007507814,12.969565414836,0.872690737247,0.96878612716763,Temple
118816770220888,77.581039583383,12.972879745078,0.86808681488,0.95,Temple
973479656795191,77.59397210348,12.963653701861,0.873327851295,0.66008918617614,Temple
781865436052375,77.577355904577,12.968626013038,0.881285786629,0.98125,Temple
897932930755262,77.579463115034,12.969251428743,0.875376403332,0.79618997332148,Temple
244868507388300,77.576999170778,12.969028973033,0.873091816902,1,Temple
285789899763550,77.60782577879,12.971160093056,0.879141867161,0.37116707954858,Temple
315940033526110,77.578297779036,12.968120710005,0.880600214005,1,Temple
315940033526110,77.578297779036,12.968120710005,0.795074284077,1,Market
386377945844535,77.578268526194,12.974331574527,0.781580686569,0.8780487804878,Landmark
804207263844291,77.579748183561,12.969811549422,0.881355524063,1,Temple
951991368952430,77.579709962083,12.969671571639,0.869741082191,0.534181559345,Temple
951991368952430,77.579709962083,12.969671571639,0.771831274033,0.534181559345,Market
776045449770599,77.576711336223,12.969157383789,0.831613898277,0,Fueltank
461830894921698,77.595874870744,12.983156267482,0.868746995926,0.29677923702314,Temple
470332107623503,77.590723055556,12.984625,0.80181568861,0.96666666666667,Parking
321981459279872,77.57709681995,12.972823125322,0.869257450104,0.81427203065134,Temple
271147694757453,77.599283801389,12.980233775278,0.86835962534,0.72847222222222,Fueltank
309690573863576,77.60595942973,12.971686169865,0.774658799171,0.50019446847185,Gas
183688386959545,77.579498570485,12.969275820081,0.869315743446,0.98192771084337,Temple
469034971187468,77.596742193103,12.981120679027,0.868516266346,0.45308155699722,Temple
206698934415595,77.611159449516,12.974357558426,0.780130386353,0.82608695652174,Gas
164004965629936,77.576089818103,12.969524427329,0.877116024494,1,Temple
164004965629936,77.576089818103,12.969524427329,0.815943241119,1,Market
943850206451257,77.580163506863,12.970864903194,0.871168315411,0.82703104072413,Temple
798531557764161,77.598522644033,12.976916887793,0.874739170074,0.60714285714286,Temple
145254464163558,77.576464489175,12.971325446864,0.780888795853,0.71948057161207,Gas
296417688617886,77.577658910377,12.968530417432,0.773354887962,0,Market
322933369221999,77.578040035514,12.968244552624,0.876169681549,1,Temple
333071918315729,77.604188633133,12.975685803455,0.87056517601,1,Fueltank
802221627071090,77.576931025905,12.972239074309,0.878268241882,0.78125,Temple
217859379794724,77.579463115034,12.969251428743,0.876643717289,1,Temple
217859379794724,77.579463115034,12.969251428743,0.785824775696,1,Market
228657142392275,77.57858661942,12.974006566231,0.87039244175,0.94753468205126,Temple
507476897073882,77.607647822183,12.971226903192,0.879225254059,0.40489642184557,Temple
834939990431386,77.594106383694,12.962313350302,0.786027252674,1,Market
167597865207372,77.562038505493,12.961186527476,0.869028449059,0.8780487804878,Temple
462544514805803,77.578869173376,12.968345889834,0.878428280354,1,Temple
162335885707048,77.616989314628,12.973019261857,0.765012204647,0.92015828245545,Gas
485733282765226,77.580667426882,12.973125167203,0.867011070251,0.96666666666667,Temple
366672831394813,77.575962916089,12.970346272935,0.872541964054,0.78125,Temple
366672831394813,77.575962916089,12.970346272935,0.822066485882,0.78125,Market
790472924935973,77.575800139529,12.970119416726,0.877862632275,1,Temple
469413487647102,77.575921677125,12.970304656786,0.872897982597,1,Temple
162590835868350,77.575740208922,12.969780452562,0.878656983376,0.35,Temple
801314977169356,77.612842766896,12.968954234915,0.868609189987,0.81951219512195,Temple
950205409063844,77.578876046536,12.968418602844,0.883341729641,0.91388888888889,Temple
370636137582175,77.597940903422,12.980580694176,0.778726637363,0.96878612716763,Gas
478065516806790,77.597438055556,12.976616388889,0.875227332115,0.82608695652174,Temple
211572880524140,77.580250259561,12.970971814369,0.883900344372,1,Temple
303814637869487,77.574211388889,12.959518055556,0.870218515396,0.65079908974199,Temple
288212306353833,77.577054910434,12.968864352454,0.867649912834,0.90267335004177,Temple
458079281963939,77.61629288,12.97331935,0.730289041996,0.61872329059829,Parking
493954321799682,77.577048037273,12.96888899525,0.875981867313,0.91323057161207,Temple
316009986765535,77.580961464045,12.972189579171,0.86791652441,0.8780487804878,Temple
316009986765535,77.580961464045,12.972189579171,0.769587993622,0.8780487804878,Market
938283400295902,77.596990708177,12.981085787856,0.925885558128,1,Skyscraper
757679748226608,77.575778681857,12.96973468737,0.873714864254,0.79127935209988,Temple
754714798559294,77.60997,12.980759,0.781002342701,1,Gas
529186851430886,77.57971448831,12.9696784448,0.871473014355,0.8448275862069,Temple
529186851430886,77.57971448831,12.9696784448,0.800545334816,0.8448275862069,Market
301097241467910,77.610316,12.97079,0.870202362537,0.94444444444444,Temple
312071333746822,77.618709281159,12.972710514453,0.870191514492,0.96878612716763,Temple
174688331089835,77.580919211681,12.983703047422,0.76532638073,0.96666666666667,Gas
467894767825200,77.579719098357,12.969685653237,0.764266908169,0.78125,Market
191134666062663,77.575886892227,12.970234961261,0.86889398098,0.8780487804878,Temple
324070972397685,77.580501884294,12.971481224534,0.881984651089,0.76149425287356,Temple
558324598465281,77.579756397826,12.969740848069,0.87659907341,0.703125,Temple
944968339404232,77.615676540025,12.973642583947,0.779483497143,1,Gas
388145218995395,77.57970149636,12.969576017943,0.878046154976,0.96878612716763,Temple
304487997939085,77.580156382246,12.970813228761,0.870822846889,0.96878612716763,Temple
